MemberID,FirstName,LastName,MembershipDate
1,John,Doe,2023-01-15
2,Jane,Smith,2023-02-20
3,Sam,Brown,2023-03-05
4,Alice,Johnson,2023-03-15
5,Bob,Williams,2023-04-10
6,Charlie,Davis,2023-05-22
7,Diana,Miller,2023-06-30
8,Eve,Wilson,2023-07-14
9,Frank,Parker,2023-03-18
10,Helen,Clark,2023-04-22
11,Tom,Evans,2023-05-28
12,Emily,Adams,2023-06-05
13,Victor,Hughes,2023-07-19
14,Grace,Turner,2023-08-01
15,Liam,Martin,2023-08-08
16,Sophia,Lewis,2023-08-10
17,Olivia,White,2023-08-15
18,James,Hall,2023-08-20
